id,name,preferred_common_name,rank,iconic_taxon_name,ancestor_ids,photo_url
47374,Cupressaceae,cypress family,family,Plantae,"48460,47126,211194,136329,47375",https://inaturalist-open-data.s3.amazonaws.com/photos/164349061/medium.jpg
57678,Lasioglossum,,genus,Insecta,"48460,1,47120,372739,47158,184884,47201,124417,326777,47222,630955,49707,134106,335597,1597678",https://inaturalist-open-data.s3.amazonaws.com/photos/115700647/medium.jpeg
76625,Delphinium glaucum,Sierra larkspur,species,Plantae,"48460,47126,211194,47125,47124,48232,48231,746709,738998,48493",https://inaturalist-open-data.s3.amazonaws.com/photos/157538096/medium.jpg
3,Aves,Birds,class,Aves,"48460,1,2,355675",https://inaturalist-open-data.s3.amazonaws.com/photos/2967053/medium.jpg
56985,Stephanomeria virgata,rod wirelettuce,species,Plantae,"48460,47126,211194,47125,47124,47605,47604,447425,359450,632705,56986",https://inaturalist-open-data.s3.amazonaws.com/photos/11679/medium.jpg
933429,Acmispon decumbens,Sierra Lotus,species,Plantae,"48460,47126,211194,47125,47124,47123,47122,507502,533443,64336",https://inaturalist-open-data.s3.amazonaws.com/photos/38077377/medium.png
319976,Erythranthe,monkeyflowers,genus,Plantae,"48460,47126,211194,47125,47124,48151,64552",https://inaturalist-open-data.s3.amazonaws.com/photos/72061328/medium.jpeg
51646,Rubus parviflorus,thimbleberry,species,Plantae,"48460,47126,211194,47125,47124,47132,47148,415343,922171,47544,1449400",https://static.inaturalist.org/photos/508162072/medium.jpg
59893,Prionus,,genus,Insecta,"48460,1,47120,372739,47158,184884,47208,71130,372852,963992,47961,319102,528665",https://static.inaturalist.org/photos/9262996/medium.jpg
55422,Arceuthobium campylopodum,Western Dwarf-Mistletoe,species,Plantae,"48460,47126,211194,47125,47124,49669,59992,577688,50259,1609635",https://inaturalist-open-data.s3.amazonaws.com/photos/331597472/medium.jpeg
56854,Adenocaulon bicolor,American trailplant,species,Plantae,"48460,47126,211194,47125,47124,47605,47604,627051,632768,56855",https://inaturalist-open-data.s3.amazonaws.com/photos/293022898/medium.jpeg
78795,Pyrrocoma apargioides,alpine flames,species,Plantae,"48460,47126,211194,47125,47124,47605,47604,632790,461542,972893,72328",https://inaturalist-open-data.s3.amazonaws.com/photos/21288301/medium.jpeg
76105,Carex scopulorum,Holm's Rocky Mountain sedge,species,Plantae,"48460,47126,211194,47125,47163,47162,47161,873509,924136,48571,1120852,1460633",https://inaturalist-open-data.s3.amazonaws.com/photos/960524/medium.jpg
80907,Gentiana newberryi tiogana,Tioga Gentian,variety,Plantae,"48460,47126,211194,47125,47124,47363,56235,794441,794442,56348,794338,56349",https://inaturalist-open-data.s3.amazonaws.com/photos/13497036/medium.jpg
51146,Chrysomelidae,Leaf Beetles,family,Insecta,"48460,1,47120,372739,47158,184884,47208,71130,372852,176269",https://inaturalist-open-data.s3.amazonaws.com/photos/28711963/medium.jpg
76748,Dysphania botrys,Jerusalem oak,species,Plantae,"48460,47126,211194,47125,47124,47366,52327,518889,931409,52020",https://inaturalist-open-data.s3.amazonaws.com/photos/310889824/medium.jpg
52673,Equisetum hyemale,rough horsetail,species,Plantae,"48460,47126,211194,121943,764793,47748,47747,47746,1423801",https://inaturalist-open-data.s3.amazonaws.com/photos/39848632/medium.jpeg
49674,Ceanothus,Ceanothus,genus,Plantae,"48460,47126,211194,47125,47124,47132,49041",https://static.inaturalist.org/photos/115875111/medium.jpg
49046,Tamalia coweni,Manzanita Leafgall Aphid,species,Insecta,"48460,1,47120,372739,47158,184884,47744,334037,901813,52380,52381,517626,61136",https://static.inaturalist.org/photos/43788903/medium.jpg
9617,Leucosticte tephrocotis,Gray-crowned Rosy-Finch,species,Aves,"48460,1,2,355675,3,7251,9079,9610",https://inaturalist-open-data.s3.amazonaws.com/photos/2816193/medium.jpg
127997,Cicindela longilabris,Boreal Long-lipped Tiger Beetle,species,Insecta,"48460,1,47120,372739,47158,184884,47208,340471,372884,149026,373661,373919,49568,736941",https://inaturalist-open-data.s3.amazonaws.com/photos/51477031/medium.jpeg
118051,Cryptoporus volvatus,Veiled Polypore,species,Fungi,"48460,47170,47169,492000,50814,47380,47379,118055",https://static.inaturalist.org/photos/70465768/medium.jpg
56349,Gentiana newberryi,Alpine Gentian,species,Plantae,"48460,47126,211194,47125,47124,47363,56235,794441,794442,56348,794338",https://inaturalist-open-data.s3.amazonaws.com/photos/94030968/medium.jpeg
48461,Pinus ponderosa,Western Ponderosa Pine,species,Plantae,"48460,47126,211194,136329,47375,47562,1456301,47561,790732,790770,1569093",https://inaturalist-open-data.s3.amazonaws.com/photos/221555075/medium.jpg
51092,Quercus chrysolepis,canyon live oak,species,Plantae,"48460,47126,211194,47125,47124,47853,47852,47851,861029,861037",https://static.inaturalist.org/photos/2351062/medium.jpg
941891,Halerpestes cymbalaria,Alkali Buttercup,species,Plantae,"48460,47126,211194,47125,47124,48232,48231,746709,746715,878738",https://inaturalist-open-data.s3.amazonaws.com/photos/65832931/medium.jpeg
48327,Lecanorales,"shield lichens, rim lichens, and allies",order,Fungi,"48460,47170,48250,372740,54743,952186",https://inaturalist-open-data.s3.amazonaws.com/photos/113602690/medium.jpg
55552,Ribes roezlii,Sierra Gooseberry,species,Plantae,"48460,47126,211194,47125,47124,71289,47131,47130",https://inaturalist-open-data.s3.amazonaws.com/photos/9289/medium.jpg
47561,Pinus,pines,genus,Plantae,"48460,47126,211194,136329,47375,47562,1456301",https://inaturalist-open-data.s3.amazonaws.com/photos/54643374/medium.jpeg
78847,Rhododendron columbianum,Western Labrador Tea,species,Plantae,"48460,47126,211194,47125,47124,47181,133387,634911,920521,49487,855415,922780,1455701",https://inaturalist-open-data.s3.amazonaws.com/photos/10928816/medium.jpg
69971,Cirsium andersonii,Anderson's thistle,species,Plantae,"48460,47126,211194,47125,47124,47605,47604,201654,632883,632885,48561",https://inaturalist-open-data.s3.amazonaws.com/photos/408699232/medium.jpeg
4665,Falco sparverius,American Kestrel,species,Aves,"48460,1,2,355675,3,67570,4637,4638",https://static.inaturalist.org/photos/174574440/medium.jpg
56969,Lessingia,,genus,Plantae,"48460,47126,211194,47125,47124,47605,47604,632790,461542,972893",https://inaturalist-open-data.s3.amazonaws.com/photos/31116902/medium.jpeg
63962,Calycanthus occidentalis,California sweetshrub,species,Plantae,"48460,47126,211194,47125,47124,48808,49118,63974",https://inaturalist-open-data.s3.amazonaws.com/photos/523756956/medium.jpg
82080,Chalcophora angulicollis,Western Sculptured Pine Borer,species,Insecta,"48460,1,47120,372739,47158,184884,47208,71130,372854,54965,54964,333626,510066,146918",https://inaturalist-open-data.s3.amazonaws.com/photos/146486889/medium.jpg
57689,Bombus vosnesenskii,Yellow-faced Bumble Bee,species,Insecta,"48460,1,47120,372739,47158,184884,47201,124417,326777,47222,630955,47221,199939,538883,52775,538900",https://inaturalist-open-data.s3.amazonaws.com/photos/188924566/medium.jpg
60527,Rhododendron occidentale,western azalea,species,Plantae,"48460,47126,211194,47125,47124,47181,133387,634911,920521,49487,855418,1459454,1459455",https://inaturalist-open-data.s3.amazonaws.com/photos/14523/medium.jpg
7004,Mergus merganser,Common Merganser,species,Aves,"48460,1,2,355675,3,6888,6912,6995",https://inaturalist-open-data.s3.amazonaws.com/photos/251363753/medium.jpg
62781,Camponotus,"Carpenter Ants, Typical Sugar Ants and Allies",genus,Insecta,"48460,1,47120,372739,47158,184884,47201,124417,326777,1269340,47336,244834,334375",https://static.inaturalist.org/photos/52135431/medium.jpeg
145245,Setophaga coronata,Yellow-rumped Warbler,species,Aves,"48460,1,2,355675,3,7251,71349,10246",https://inaturalist-open-data.s3.amazonaws.com/photos/128439522/medium.jpg
63001,Lessingia leptoclada,Sierra lessingia,species,Plantae,"48460,47126,211194,47125,47124,47605,47604,632790,461542,972893,56969",https://inaturalist-open-data.s3.amazonaws.com/photos/158338/medium.jpg
52576,Uroctonus mordax,Western Forest Scorpion,species,Arachnida,"48460,1,47120,245097,47119,48894,1323567,1323568,1323570,1373186,52572,1323560,52577",https://inaturalist-open-data.s3.amazonaws.com/photos/10921532/medium.jpg
76227,Chaenactis alpigena,Sharsmith pincushion,species,Plantae,"48460,47126,211194,47125,47124,47605,47604,632790,632797,50199,1112898",https://inaturalist-open-data.s3.amazonaws.com/photos/10202283/medium.jpeg
48678,Solidago,goldenrods,genus,Plantae,"48460,47126,211194,47125,47124,47605,47604,632790,461542,972606",https://inaturalist-open-data.s3.amazonaws.com/photos/145658304/medium.jpg
59892,Prionus californicus,California Root Borer,species,Insecta,"48460,1,47120,372739,47158,184884,47208,71130,372852,963992,47961,319102,528665,59893,739037",https://inaturalist-open-data.s3.amazonaws.com/photos/25026465/medium.jpg
326683,Asilinae,,subfamily,Insecta,"48460,1,47120,372739,47158,184884,47822,48091,372865,354603,47982",https://inaturalist-open-data.s3.amazonaws.com/photos/33769013/medium.jpeg
72429,Woodsia,cliff ferns,genus,Plantae,"48460,47126,211194,121943,764796,47754,1224540,64663",https://inaturalist-open-data.s3.amazonaws.com/photos/28260445/medium.jpeg
60847,Sedum obtusatum,Sierra Stonecrop,species,Plantae,"48460,47126,211194,47125,47124,71289,51890,889256,1092926,55735,1447323",https://inaturalist-open-data.s3.amazonaws.com/photos/91962598/medium.jpeg
53456,Symphoricarpos mollis,creeping snowberry,species,Plantae,"48460,47126,211194,47125,47124,48526,48527,345605,48528",https://inaturalist-open-data.s3.amazonaws.com/photos/123050688/medium.jpg
47118,Araneae,Spiders,order,Arachnida,"48460,1,47120,245097,47119",https://inaturalist-open-data.s3.amazonaws.com/photos/269162938/medium.jpeg
1264427,Mustela richardsonii,American Ermine,species,Mammalia,"48460,1,2,355675,40151,848317,848320,848324,41573,41770,526558,41801",https://inaturalist-open-data.s3.amazonaws.com/photos/162860275/medium.jpg
184884,Pterygota,Winged and Once-winged Insects,subclass,Insecta,"48460,1,47120,372739,47158",https://inaturalist-open-data.s3.amazonaws.com/photos/14350736/medium.jpg
59243,Eriogonum wrightii,Wright's buckwheat,species,Plantae,"48460,47126,211194,47125,47124,47366,48382,922207,922210,48939,1112639",https://inaturalist-open-data.s3.amazonaws.com/photos/149572416/medium.jpg
52821,Achillea millefolium,common yarrow,species,Plantae,"48460,47126,211194,47125,47124,47605,47604,632790,373844,900988,52818,1105043",https://inaturalist-open-data.s3.amazonaws.com/photos/4902/medium.jpg
153389,Circotettix,,genus,Insecta,"48460,1,47120,372739,47158,184884,47651,67688,700600,47650,47649,129164,523486",https://inaturalist-open-data.s3.amazonaws.com/photos/24556803/medium.jpeg
118056,Fomitopsis,,genus,Fungi,"48460,47170,47169,492000,50814,47380,55974",https://inaturalist-open-data.s3.amazonaws.com/photos/64732551/medium.jpg
60514,Castilleja nana,dwarf paintbrush,species,Plantae,"48460,47126,211194,47125,47124,48151,47322,902069,49340",https://inaturalist-open-data.s3.amazonaws.com/photos/14537/medium.jpg
179995,Urocitellus beldingi,Belding's Ground Squirrel,species,Mammalia,"48460,1,2,355675,40151,848317,848320,848323,43698,129411,45933,339572,209650,179977",https://inaturalist-open-data.s3.amazonaws.com/photos/9272396/medium.jpg
172407,Apollophanes,,genus,Arachnida,"48460,1,47120,245097,47119,47118,120474,342614,1529315,1529303,47868,1544707",https://inaturalist-open-data.s3.amazonaws.com/photos/8734307/medium.jpeg
52670,Athyrium,lady ferns,genus,Plantae,"48460,47126,211194,121943,764796,47754,1224540,332930",https://static.inaturalist.org/photos/55216721/medium.jpeg
453111,Martes caurina,Pacific Marten,species,Mammalia,"48460,1,2,355675,40151,848317,848320,848324,41573,41770,846241,41790",https://inaturalist-open-data.s3.amazonaws.com/photos/113259160/medium.jpeg
127168,Sphinx sequoiae,Sequoia Sphinx,species,Insecta,"48460,1,47120,372739,47158,184884,47157,47214,47213,124081,124110,1228736,70131",https://inaturalist-open-data.s3.amazonaws.com/photos/4237989/medium.jpg
53438,Rosa,roses,genus,Plantae,"48460,47126,211194,47125,47124,47132,47148,415343,922173",https://inaturalist-open-data.s3.amazonaws.com/photos/128386918/medium.jpeg
47752,Polystichum,shield ferns,genus,Plantae,"48460,47126,211194,121943,764796,47754,961001,47753,870758",https://inaturalist-open-data.s3.amazonaws.com/photos/887917/medium.jpeg
75770,Bistorta bistortoides,American bistort,species,Plantae,"48460,47126,211194,47125,47124,47366,48382,922206,922225,922228,72009",https://inaturalist-open-data.s3.amazonaws.com/photos/345851493/medium.jpeg
17694,Picoides arcticus,Black-backed Woodpecker,species,Aves,"48460,1,2,355675,3,17550,17599,793482",https://static.inaturalist.org/photos/419064489/medium.jpeg
62227,Ceanothus integerrimus,deerbrush ceanothus,species,Plantae,"48460,47126,211194,47125,47124,47132,49041,49674,1191150",https://inaturalist-open-data.s3.amazonaws.com/photos/214987048/medium.jpeg
67613,Catostomus occidentalis,Sacramento Sucker,species,Actinopterygii,"48460,1,2,355675,47178,1543570,49216,1303594,58661,788653,67614",https://static.inaturalist.org/photos/179186156/medium.jpg
48385,Heuchera,alumroots,genus,Plantae,"48460,47126,211194,47125,47124,71289,48386,1424203",https://inaturalist-open-data.s3.amazonaws.com/photos/7665173/medium.jpg
36204,Sceloporus occidentalis,Western Fence Lizard,species,Reptilia,"48460,1,2,355675,26036,26172,85552,1563907,1567779,36074,797562,36141",https://inaturalist-open-data.s3.amazonaws.com/photos/36416485/medium.jpeg
532267,Rusavskia elegans,Elegant Sunburst Lichen,species,Fungi,"48460,47170,48250,372740,54743,952186,54755,54756,1232042,532755",https://inaturalist-open-data.s3.amazonaws.com/photos/356589716/medium.jpg
52684,Pteridium aquilinum pubescens,Hairy brackenfern,variety,Plantae,"48460,47126,211194,121943,764796,47754,1224539,52682,52683,52681",https://inaturalist-open-data.s3.amazonaws.com/photos/396677804/medium.jpg
48582,Sorbus,Rowans and Mountain Ashes,genus,Plantae,"48460,47126,211194,47125,47124,47132,47148,922110,723302",https://inaturalist-open-data.s3.amazonaws.com/photos/327388047/medium.jpg
144816,Poecile gambeli,Mountain Chickadee,species,Aves,"48460,1,2,355675,3,7251,13547,144351",https://inaturalist-open-data.s3.amazonaws.com/photos/264443940/medium.jpg
308235,Polystoechotes punctata,,species,Insecta,"48460,1,47120,372739,47158,184884,48763,483236,176593,212043",https://static.inaturalist.org/photos/90583586/medium.jpeg
48463,Pinus jeffreyi,Jeffrey pine,species,Plantae,"48460,47126,211194,136329,47375,47562,1456301,47561,790732,790770,1606844",https://inaturalist-open-data.s3.amazonaws.com/photos/281075604/medium.jpg
53387,Cornus sericea,red osier dogwood,species,Plantae,"48460,47126,211194,47125,47124,47195,47194,47193,1296983",https://static.inaturalist.org/photos/16633753/medium.jpg
53094,Heracleum maximum,common cowparsnip,species,Plantae,"48460,47126,211194,47125,47124,48700,48699,790553,790594,53095",https://inaturalist-open-data.s3.amazonaws.com/photos/220659822/medium.jpg
79150,Solidago elongata,west coast Canada goldenrod,species,Plantae,"48460,47126,211194,47125,47124,47605,47604,632790,461542,972606,48678,1454394,1454407,1455736",https://inaturalist-open-data.s3.amazonaws.com/photos/303300/medium.jpeg
41638,Ursus americanus,American Black Bear,species,Mammalia,"48460,1,2,355675,40151,848317,848320,848324,41573,41636,846255,41637",https://static.inaturalist.org/photos/307636014/medium.jpg
62292,Asclepias speciosa,showy milkweed,species,Plantae,"48460,47126,211194,47125,47124,47363,47362,373579,632307,632069,47906",https://inaturalist-open-data.s3.amazonaws.com/photos/21011529/medium.jpeg
85401,Dryocosmus,,genus,Insecta,"48460,1,47120,372739,47158,184884,47201,124417,981280,55593,55594,471867,205775",https://inaturalist-open-data.s3.amazonaws.com/photos/47798/medium.jpg
36141,Sceloporus,Spiny Lizards,genus,Reptilia,"48460,1,2,355675,26036,26172,85552,1563907,1567779,36074,797562",https://inaturalist-open-data.s3.amazonaws.com/photos/5807556/medium.jpg
64116,Ageratina,snakeroots,genus,Plantae,"48460,47126,211194,47125,47124,47605,47604,632790,153419,901066",https://inaturalist-open-data.s3.amazonaws.com/photos/6363360/medium.jpeg
79153,Solidago multiradiata,northern goldenrod,species,Plantae,"48460,47126,211194,47125,47124,47605,47604,632790,461542,972606,48678,1454394,1454395",https://inaturalist-open-data.s3.amazonaws.com/photos/142043/medium.jpg
77246,Gentianopsis holopetala,Sierra Fringed Gentian,species,Plantae,"48460,47126,211194,47125,47124,47363,56235,794441,794443,72142",https://inaturalist-open-data.s3.amazonaws.com/photos/160297/medium.jpg
520456,Icaricia acmon,Acmon Blue,species,Insecta,"48460,1,47120,372739,47158,184884,47157,47224,47923,58558,125833,522678,520397",https://inaturalist-open-data.s3.amazonaws.com/photos/445462378/medium.jpeg
47359,Apocynum androsaemifolium,spreading dogbane,species,Plantae,"48460,47126,211194,47125,47124,47363,47362,427366,632335,632344,47361",https://inaturalist-open-data.s3.amazonaws.com/photos/375675/medium.jpg
180010,Callospermophilus lateralis,Golden-mantled Ground Squirrel,species,Mammalia,"48460,1,2,355675,40151,848317,848320,848323,43698,129411,45933,339572,209650,179940",https://inaturalist-open-data.s3.amazonaws.com/photos/2519439/medium.JPG
51062,Maianthemum racemosum,Solomon's plume,species,Plantae,"48460,47126,211194,47125,47163,47218,47599,508722,1415174,50249",https://inaturalist-open-data.s3.amazonaws.com/photos/111809822/medium.jpg
54623,Letharia,Wolf Lichens,genus,Fungi,"48460,47170,48250,372740,54743,952186,48327,54321,1094690",https://inaturalist-open-data.s3.amazonaws.com/photos/7314/medium.jpg
76447,Cornus nuttallii,Pacific Dogwood,species,Plantae,"48460,47126,211194,47125,47124,47195,47194,47193,1296990",https://inaturalist-open-data.s3.amazonaws.com/photos/22606935/medium.jpeg
4647,Falco peregrinus,Peregrine Falcon,species,Aves,"48460,1,2,355675,3,67570,4637,4638",https://inaturalist-open-data.s3.amazonaws.com/photos/212499709/medium.jpg
53207,Senecio,groundsels,genus,Plantae,"48460,47126,211194,47125,47124,47605,47604,632790,568270,901794",https://inaturalist-open-data.s3.amazonaws.com/photos/3593864/medium.jpg
53080,Pseudognaphalium canescens,Wright's cudweed,species,Plantae,"48460,47126,211194,47125,47124,47605,47604,632790,324787,1410494,53078",https://inaturalist-open-data.s3.amazonaws.com/photos/302739799/medium.jpeg
58376,Elymus elymoides,Squirreltail,species,Plantae,"48460,47126,211194,47125,47163,47162,47434,514989,709543,1138150,52792",https://inaturalist-open-data.s3.amazonaws.com/photos/77063444/medium.jpg
5074,Aquila chrysaetos,Golden Eagle,species,Aves,"48460,1,2,355675,3,71261,5067,1541534,5068",https://static.inaturalist.org/photos/168362446/medium.jpg
42220,Odocoileus hemionus,Mule Deer,species,Mammalia,"48460,1,2,355675,40151,848317,848320,848324,152870,424850,42158,846185,846324,42219",https://inaturalist-open-data.s3.amazonaws.com/photos/42633041/medium.jpg
77599,Juniperus grandis,Sierra juniper,species,Plantae,"48460,47126,211194,136329,47375,47374,1150915,47574,701533",https://inaturalist-open-data.s3.amazonaws.com/photos/8748376/medium.jpeg
902756,Boechereae,,tribe,Plantae,"48460,47126,211194,47125,47124,71275,47204,1473853,1473859",https://static.inaturalist.org/photos/18545526/medium.jpeg
75572,Arnica lanceolata,lanceleaf arnica,species,Plantae,"48460,47126,211194,47125,47124,47605,47604,632790,179978,52852",https://static.inaturalist.org/photos/45579886/medium.jpg
62702,Epilobium obcordatum,Rockfringe Willowherb,species,Plantae,"48460,47126,211194,47125,47124,47791,47790,52972",https://inaturalist-open-data.s3.amazonaws.com/photos/4239091/medium.jpg
59029,Verbascum thapsus,great mullein,species,Plantae,"48460,47126,211194,47125,47124,48151,47151,941815,56165",https://static.inaturalist.org/photos/44885369/medium.jpg
225755,Neotamias speciosus,Lodgepole Chipmunk,species,Mammalia,"48460,1,2,355675,40151,848317,848320,848323,43698,129411,45933,339572,1279829,197808",https://inaturalist-open-data.s3.amazonaws.com/photos/68325/medium.jpg
5212,Buteo jamaicensis,Red-tailed Hawk,species,Aves,"48460,1,2,355675,3,71261,5067,1542783,5179",https://inaturalist-open-data.s3.amazonaws.com/photos/101327658/medium.jpg
77230,Gayophytum diffusum,Diffuse Groundsmoke,species,Plantae,"48460,47126,211194,47125,47124,47791,47790,72141",https://inaturalist-open-data.s3.amazonaws.com/photos/142678/medium.jpg
197808,Neotamias,Western Chipmunks,genus,Mammalia,"48460,1,2,355675,40151,848317,848320,848323,43698,129411,45933,339572,1279829",https://inaturalist-open-data.s3.amazonaws.com/photos/293503893/medium.jpg
40151,Mammalia,Mammals,class,Mammalia,"48460,1,2,355675",https://inaturalist-open-data.s3.amazonaws.com/photos/80551250/medium.jpg
75540,Arctostaphylos pringlei,Pringle's manzanita,species,Plantae,"48460,47126,211194,47125,47124,47181,133387,571287,47179",https://inaturalist-open-data.s3.amazonaws.com/photos/12056040/medium.jpeg
75300,Ageratina occidentalis,Western Snakeroot,species,Plantae,"48460,47126,211194,47125,47124,47605,47604,632790,153419,901066,64116,1464930",https://static.inaturalist.org/photos/151293204/medium.jpg
56743,Keckiella breviflora,bush beardtongue,species,Plantae,"48460,47126,211194,47125,47124,48151,50638,840998,56744",https://inaturalist-open-data.s3.amazonaws.com/photos/196455626/medium.jpeg
1409551,Leptopoda,,section,Plantae,"48460,47126,211194,47125,47124,47605,47604,632790,632795,635184,53093",https://inaturalist-open-data.s3.amazonaws.com/photos/131390179/medium.jpg
499604,Cortinarius thiersii,,species,Fungi,"48460,47170,47169,492000,50814,1094814,47167,785517,48705,48704,1433686,123890",https://inaturalist-open-data.s3.amazonaws.com/photos/4161859/medium.
497558,Heteroecus dasydactyli,Woolly Gall Wasp,species,Insecta,"48460,1,47120,372739,47158,184884,47201,124417,981280,55593,55594,471867,205775,123508",https://static.inaturalist.org/photos/47833078/medium.jpg
75585,Artemisia arbuscula,low sagebrush,species,Plantae,"48460,47126,211194,47125,47124,47605,47604,632790,373844,900983,52855,1123943",https://inaturalist-open-data.s3.amazonaws.com/photos/21470518/medium.jpg
76189,Ceanothus parvifolius,Littleleaf Ceanothus,species,Plantae,"48460,47126,211194,47125,47124,47132,49041,49674,1191150",https://static.inaturalist.org/photos/82618019/medium.jpg
78864,Ribes nevadense,mountain pink currant,species,Plantae,"48460,47126,211194,47125,47124,71289,47131,47130",https://inaturalist-open-data.s3.amazonaws.com/photos/174784/medium.jpg
1456301,Pinoideae,"pines, spruces, larches, and allies",subfamily,Plantae,"48460,47126,211194,136329,47375,47562",https://inaturalist-open-data.s3.amazonaws.com/photos/8464342/medium.jpg
6930,Anas platyrhynchos,Mallard,species,Aves,"48460,1,2,355675,3,6888,6912,6922",https://inaturalist-open-data.s3.amazonaws.com/photos/95268822/medium.jpg
415343,Rosoideae,"brambles, roses, strawberries, and allies",subfamily,Plantae,"48460,47126,211194,47125,47124,47132,47148",https://inaturalist-open-data.s3.amazonaws.com/photos/128386918/medium.jpeg
56573,Chamaebatia foliolosa,Mountain Misery,species,Plantae,"48460,47126,211194,47125,47124,47132,47148,901675,56567",https://inaturalist-open-data.s3.amazonaws.com/photos/11251/medium.jpg
53051,Epilobium canum,California fuchsia,species,Plantae,"48460,47126,211194,47125,47124,47791,47790,52972",https://inaturalist-open-data.s3.amazonaws.com/photos/25155568/medium.jpg
60881,Lonicera involucrata,twinberry honeysuckle,species,Plantae,"48460,47126,211194,47125,47124,48526,48527,345605,51874,1072552,1072556,1072557",https://inaturalist-open-data.s3.amazonaws.com/photos/52126544/medium.jpeg
29044,Pituophis catenifer,Gopher Snake,species,Reptilia,"48460,1,2,355675,26036,26172,85553,26504,797520,29033",https://inaturalist-open-data.s3.amazonaws.com/photos/389786008/medium.jpeg
78863,Ribes montigenum,mountain gooseberry,species,Plantae,"48460,47126,211194,47125,47124,71289,47131,47130",https://inaturalist-open-data.s3.amazonaws.com/photos/151892403/medium.jpeg
79203,Stellaria longipes,Longstalk starwort,species,Plantae,"48460,47126,211194,47125,47124,47366,48567,791419,49389",https://inaturalist-open-data.s3.amazonaws.com/photos/407175440/medium.jpeg
123665,Scolopocryptops,Red Centipedes,genus,Animalia,"48460,1,47120,144128,49556,53763,123664",https://inaturalist-open-data.s3.amazonaws.com/photos/397027/medium.JPG
67591,Oxyria digyna,alpine sorrel,species,Plantae,"48460,47126,211194,47125,47124,47366,48382,922206,922242,67592",https://inaturalist-open-data.s3.amazonaws.com/photos/34695079/medium.jpeg
472796,Myriopteris gracillima,lace lip fern,species,Plantae,"48460,47126,211194,121943,764796,47754,1224538,48437,545701,481693,1619305",https://inaturalist-open-data.s3.amazonaws.com/photos/423046/medium.jpg
50814,Agaricomycetes,"mushrooms, bracket fungi, puffballs, and allies",class,Fungi,"48460,47170,47169,492000",https://inaturalist-open-data.s3.amazonaws.com/photos/6993855/medium.jpg
52146,Penstemon newberryi,Mountain Pride,species,Plantae,"48460,47126,211194,47125,47124,48151,50638,840998,48367,1368652,1368653",https://inaturalist-open-data.s3.amazonaws.com/photos/81477057/medium.jpeg
67727,Aeshna umbrosa,Shadow Darner,species,Insecta,"48460,1,47120,372739,47158,184884,47792,47927,1317180,51469,52520",https://inaturalist-open-data.s3.amazonaws.com/photos/41813385/medium.jpeg
12727,Turdus migratorius,American Robin,species,Aves,"48460,1,2,355675,3,7251,15977,12705",https://inaturalist-open-data.s3.amazonaws.com/photos/34859026/medium.jpg
43188,Ochotona princeps,American Pika,species,Mammalia,"48460,1,2,355675,40151,848317,848320,848323,43094,43169,43170,1431517",https://inaturalist-open-data.s3.amazonaws.com/photos/49236748/medium.jpg
4756,Cathartes aura,Turkey Vulture,species,Aves,"48460,1,2,355675,3,559244,71306,4755",https://inaturalist-open-data.s3.amazonaws.com/photos/52277010/medium.jpg
52671,Dryopteris arguta,coastal woodfern,species,Plantae,"48460,47126,211194,121943,764796,47754,961001,47753,870758,52672",https://inaturalist-open-data.s3.amazonaws.com/photos/107098738/medium.jpg
78288,Orthilia secunda,one-sided wintergreen,species,Plantae,"48460,47126,211194,47125,47124,47181,133387,451956,72270",https://inaturalist-open-data.s3.amazonaws.com/photos/105663710/medium.jpg
77915,Lycopus uniflorus,northern bugleweed,species,Plantae,"48460,47126,211194,47125,47124,48151,48623,520502,918917,919179,60208",https://inaturalist-open-data.s3.amazonaws.com/photos/1059869/medium.JPG
704166,Angelica capitellata,ranger buttons,species,Plantae,"48460,47126,211194,47125,47124,48700,48699,790553,790592,52836",https://inaturalist-open-data.s3.amazonaws.com/photos/15595998/medium.jpg
64714,Vaccinium uliginosum,bog bilberry,species,Plantae,"48460,47126,211194,47125,47124,47181,133387,634914,919967,48353,1560077",https://inaturalist-open-data.s3.amazonaws.com/photos/153480292/medium.jpg
311249,Bryophyta,mosses,phylum,Plantae,"48460,47126",https://inaturalist-open-data.s3.amazonaws.com/photos/3180282/medium.JPG
318550,Halictus farinosus,Wide-striped Sweat Bee,species,Insecta,"48460,1,47120,372739,47158,184884,47201,124417,326777,47222,630955,49707,134106,335597,1597678,57677,606645",https://static.inaturalist.org/photos/1178293/medium.JPG
67560,Adelpha californica,California Sister,species,Insecta,"48460,1,47120,372739,47158,184884,47157,47224,47922,134171,134175,48661",https://inaturalist-open-data.s3.amazonaws.com/photos/952/medium.jpg
51813,Oenothera elata,tall evening primrose,species,Plantae,"48460,47126,211194,47125,47124,47791,47790,48626,914077",https://static.inaturalist.org/photos/436826497/medium.jpeg
53060,Galium,bedstraws,genus,Plantae,"48460,47126,211194,47125,47124,47363,47693,788064,788083",https://inaturalist-open-data.s3.amazonaws.com/photos/30968909/medium.jpg
51274,Heuchera micrantha,crevice alumroot,species,Plantae,"48460,47126,211194,47125,47124,71289,48386,1424203,48385,954874",https://inaturalist-open-data.s3.amazonaws.com/photos/70200350/medium.jpeg
47208,Coleoptera,Beetles,order,Insecta,"48460,1,47120,372739,47158,184884",https://static.inaturalist.org/photos/107149184/medium.jpeg
155238,Idiostatus aequalis,Uniform shieldback,species,Insecta,"48460,1,47120,372739,47158,184884,47651,132694,488701,48125,48124,82546,523090,49379",https://static.inaturalist.org/photos/45829046/medium.jpg
60369,Pyrola,wintergreens,genus,Plantae,"48460,47126,211194,47125,47124,47181,133387,451956",https://inaturalist-open-data.s3.amazonaws.com/photos/310741308/medium.jpg
47789,Clarkia,Clarkias,genus,Plantae,"48460,47126,211194,47125,47124,47791,47790",https://inaturalist-open-data.s3.amazonaws.com/photos/17563453/medium.jpeg
59584,Lilium parvum,Sierra Tiger Lily,species,Plantae,"48460,47126,211194,47125,47163,47329,47328,859160,859161,48928,1542815",https://inaturalist-open-data.s3.amazonaws.com/photos/408597843/medium.jpeg
86400,Ammopelmatus,North American Jerusalem Crickets,genus,Insecta,"48460,1,47120,372739,47158,184884,47651,132694,488701,53896,53897,345039,1228213",https://static.inaturalist.org/photos/29900841/medium.jpg
741865,Hygrophorus siccipes,Coppery Waxcap,species,Fungi,"48460,47170,47169,492000,50814,1094814,47167,1128302,51870,1135223,1135224,63108,1135949,1135960,1135970",https://inaturalist-open-data.s3.amazonaws.com/photos/4054748/medium.jpg
52118,Pterospora andromedea,woodland pinedrops,species,Plantae,"48460,47126,211194,47125,47124,47181,133387,451956,52117",https://inaturalist-open-data.s3.amazonaws.com/photos/113501396/medium.jpeg
461542,Astereae,asters and allies,tribe,Plantae,"48460,47126,211194,47125,47124,47605,47604,632790",https://inaturalist-open-data.s3.amazonaws.com/photos/15416442/medium.jpg
62239,Pyrola picta,white-veined wintergreen,species,Plantae,"48460,47126,211194,47125,47124,47181,133387,451956,60369,1614111",https://inaturalist-open-data.s3.amazonaws.com/photos/2183784/medium.JPG
46259,Tamiasciurus douglasii,Douglas' Squirrel,species,Mammalia,"48460,1,2,355675,40151,848317,848320,848323,43698,129411,45933,332614,339575,46257",https://static.inaturalist.org/photos/71588010/medium.jpg
56864,Calycadenia,,genus,Plantae,"48460,47126,211194,47125,47124,47605,47604,632790,179978",https://inaturalist-open-data.s3.amazonaws.com/photos/16503/medium.jpg
797562,Sceloporinae,Sceloporine Lizards,subfamily,Reptilia,"48460,1,2,355675,26036,26172,85552,1563907,1567779,36074",https://inaturalist-open-data.s3.amazonaws.com/photos/12960464/medium.jpg
118157,Suillus tomentosus,Blue-staining Slippery Jack,species,Fungi,"48460,47170,47169,492000,50814,1094814,48427,1432580,53489,53490,1634721,1634738",https://inaturalist-open-data.s3.amazonaws.com/photos/307745970/medium.jpg
53905,Mantis religiosa,European Mantis,species,Insecta,"48460,1,47120,372739,47158,184884,48112,1097011,1097013,1097016,48111,570063,56564",https://inaturalist-open-data.s3.amazonaws.com/photos/180063407/medium.jpg
77833,Lonicera conjugialis,purpleflower honeysuckle,species,Plantae,"48460,47126,211194,47125,47124,48526,48527,345605,51874,1072552,1072556,1072555",https://inaturalist-open-data.s3.amazonaws.com/photos/204754/medium.jpg
47604,Asteraceae,"sunflowers, daisies, asters, and allies",family,Plantae,"48460,47126,211194,47125,47124,47605",https://inaturalist-open-data.s3.amazonaws.com/photos/72961012/medium.jpg
79470,Vaccinium cespitosum,dwarf bilberry,species,Plantae,"48460,47126,211194,47125,47124,47181,133387,634914,919967,48353,1560087",https://inaturalist-open-data.s3.amazonaws.com/photos/233315686/medium.jpeg
48939,Eriogonum,wild buckwheats,genus,Plantae,"48460,47126,211194,47125,47124,47366,48382,922207,922210",https://inaturalist-open-data.s3.amazonaws.com/photos/58619859/medium.jpeg
42051,Canis latrans,Coyote,species,Mammalia,"48460,1,2,355675,40151,848317,848320,848324,41573,42043,42044",https://static.inaturalist.org/photos/10963085/medium.jpg
53316,Verbena lasiostachys,western vervain,species,Plantae,"48460,47126,211194,47125,47124,48151,49194,936160,53317",https://static.inaturalist.org/photos/391815417/medium.jpeg
64040,Pinus lambertiana,sugar pine,species,Plantae,"48460,47126,211194,136329,47375,47562,1456301,47561,790730,790765,1606836",https://inaturalist-open-data.s3.amazonaws.com/photos/19561/medium.jpg
47746,Equisetum,horsetails,genus,Plantae,"48460,47126,211194,121943,764793,47748,47747",https://inaturalist-open-data.s3.amazonaws.com/photos/67590226/medium.jpg
48257,Pseudotsuga,Douglas-firs,genus,Plantae,"48460,47126,211194,136329,47375,47562,1456301",https://inaturalist-open-data.s3.amazonaws.com/photos/11770154/medium.jpeg
27137,Coluber constrictor,North American Racer,species,Reptilia,"48460,1,2,355675,26036,26172,85553,26504,797520,27030",https://static.inaturalist.org/photos/105329578/medium.jpg
78812,Raillardella argentea,silky raillardella,species,Plantae,"48460,47126,211194,47125,47124,47605,47604,632790,179978,72329",https://inaturalist-open-data.s3.amazonaws.com/photos/47182134/medium.jpg
49530,Geometridae,Geometer Moths,family,Insecta,"48460,1,47120,372739,47158,184884,47157,49531",https://inaturalist-open-data.s3.amazonaws.com/photos/50987789/medium.jpg
128527,Helobdella,,genus,Animalia,"48460,1,47491,63089,63081,130855,128528,128529",https://inaturalist-open-data.s3.amazonaws.com/photos/5336959/medium.jpg
48972,Polygonum,knotweeds,genus,Plantae,"48460,47126,211194,47125,47124,47366,48382,922206,922238,922239",https://inaturalist-open-data.s3.amazonaws.com/photos/227072695/medium.jpg
120064,Galeruca rudis,,species,Insecta,"48460,1,47120,372739,47158,184884,47208,71130,372852,176269,51146,245843,489098,120065",https://inaturalist-open-data.s3.amazonaws.com/photos/59904/medium.jpg
57518,Hymenochaetaceae,,family,Fungi,"48460,47170,47169,492000,50814,57519",https://static.inaturalist.org/photos/56669280/medium.jpg
47158,Insecta,Insects,class,Insecta,"48460,1,47120,372739",https://inaturalist-open-data.s3.amazonaws.com/photos/18333696/medium.jpeg
53386,Chrysolepis sempervirens,bush chinquapin,species,Plantae,"48460,47126,211194,47125,47124,47853,47852,53364",https://inaturalist-open-data.s3.amazonaws.com/photos/487873/medium.jpg
555996,Erythranthe tilingii,Tiling's Monkeyflower,species,Plantae,"48460,47126,211194,47125,47124,48151,64552,319976,982854",https://inaturalist-open-data.s3.amazonaws.com/photos/14867702/medium.jpg
78944,Salix lemmonii,Lemmon's willow,species,Plantae,"48460,47126,211194,47125,47124,51820,47567,53453,1237140,1237184",https://inaturalist-open-data.s3.amazonaws.com/photos/142652/medium.jpg
77005,Eriogonum lobbii,granite buckwheat,species,Plantae,"48460,47126,211194,47125,47124,47366,48382,922207,922210,48939,1112646",https://inaturalist-open-data.s3.amazonaws.com/photos/8523930/medium.jpeg
1456635,Argynnis mormonia,Mormon Fritillary,species,Insecta,"48460,1,47120,372739,47158,184884,47157,47224,47922,60854,134168,1117856,1456549",https://inaturalist-open-data.s3.amazonaws.com/photos/23772178/medium.jpg
63496,Suillus brevipes,Short-stalked Suillus,species,Fungi,"48460,47170,47169,492000,50814,1094814,48427,1432580,53489,53490,1634721,1634723",https://inaturalist-open-data.s3.amazonaws.com/photos/28232574/medium.jpg
55960,Sceloporus graciosus,Common Sagebrush Lizard,species,Reptilia,"48460,1,2,355675,26036,26172,85552,1563907,1567779,36074,797562,36141",https://inaturalist-open-data.s3.amazonaws.com/photos/205531817/medium.jpg
47130,Ribes,currants and gooseberries,genus,Plantae,"48460,47126,211194,47125,47124,71289,47131",https://inaturalist-open-data.s3.amazonaws.com/photos/117502191/medium.jpeg
47380,Polyporales,shelf fungi,order,Fungi,"48460,47170,47169,492000,50814",https://inaturalist-open-data.s3.amazonaws.com/photos/20896227/medium.jpg
10094,Junco hyemalis,Dark-eyed Junco,species,Aves,"48460,1,2,355675,3,7251,559248,10093",https://inaturalist-open-data.s3.amazonaws.com/photos/111714701/medium.jpeg
371962,Lampropeltis zonata,California Mountain Kingsnake,species,Reptilia,"48460,1,2,355675,26036,26172,85553,26504,797520,29768",https://static.inaturalist.org/photos/505474416/medium.jpg
53078,Pseudognaphalium,rabbit-tobaccos,genus,Plantae,"48460,47126,211194,47125,47124,47605,47604,632790,324787,1410494",https://inaturalist-open-data.s3.amazonaws.com/photos/49732889/medium.jpg
48419,Amanita,amanita mushrooms,genus,Fungi,"48460,47170,47169,492000,50814,1094814,47167,785522,118249,1149497",https://inaturalist-open-data.s3.amazonaws.com/photos/448681419/medium.jpg
7458,Certhia americana,Brown Creeper,species,Aves,"48460,1,2,355675,3,7251,7448,7449",https://static.inaturalist.org/photos/31423761/medium.jpg
57893,Amaranthus albus,prostrate pigweed,species,Plantae,"48460,47126,211194,47125,47124,47366,52327,929251,52326",https://static.inaturalist.org/photos/2165585/medium.jpg
143470,Alopecosa kochi,Koch's Wolf Spider,species,Arachnida,"48460,1,47120,245097,47119,47118,120474,342614,1529315,1529320,367161,47416,1235357,143471",https://inaturalist-open-data.s3.amazonaws.com/photos/177303507/medium.jpg
1431249,Peromyscus gambelii,Gambel's Deer Mouse,species,Mammalia,"48460,1,2,355675,40151,848317,848320,848323,43698,870778,488924,55986,325776,1596087,44349",https://static.inaturalist.org/photos/145157374/medium.jpg
57049,Acmispon americanus,Spanish clover,species,Plantae,"48460,47126,211194,47125,47124,47123,47122,507502,533443,64336",https://inaturalist-open-data.s3.amazonaws.com/photos/76010957/medium.jpeg
1240,Dendragapus,Blue Grouse,genus,Aves,"48460,1,2,355675,3,573,574",https://inaturalist-open-data.s3.amazonaws.com/photos/102462413/medium.jpg
1278,Odontophoridae,New World Quails,family,Aves,"48460,1,2,355675,3,573",https://static.inaturalist.org/photos/166080190/medium.jpeg
117887,Physcia,rosette lichens,genus,Fungi,"48460,47170,48250,372740,54743,952186,372828,60717",https://static.inaturalist.org/photos/31138381/medium.jpg
51558,Bombyliidae,Bee Flies,family,Insecta,"48460,1,47120,372739,47158,184884,47822,48091,372865,354603",https://inaturalist-open-data.s3.amazonaws.com/photos/71752536/medium.jpg
72797,Dendragapus fuliginosus,Sooty Grouse,species,Aves,"48460,1,2,355675,3,573,574,1240",https://inaturalist-open-data.s3.amazonaws.com/photos/210776245/medium.jpg
48987,Hippodamia convergens,Convergent Lady Beetle,species,Insecta,"48460,1,47120,372739,47158,184884,47208,71130,372852,471714,48486,333790,333796,48988",https://static.inaturalist.org/photos/1114606/medium.JPG
57933,Ericameria,goldenbushes,genus,Plantae,"48460,47126,211194,47125,47124,47605,47604,632790,461542,901804",https://inaturalist-open-data.s3.amazonaws.com/photos/164222475/medium.jpg
9176,Zonotrichia leucophrys,White-crowned Sparrow,species,Aves,"48460,1,2,355675,3,7251,559248,9175",https://inaturalist-open-data.s3.amazonaws.com/photos/27928/medium.jpg
47906,Asclepias,milkweeds,genus,Plantae,"48460,47126,211194,47125,47124,47363,47362,373579,632307,632069",https://inaturalist-open-data.s3.amazonaws.com/photos/79983188/medium.jpeg
47179,Arctostaphylos,bearberries and manzanitas,genus,Plantae,"48460,47126,211194,47125,47124,47181,133387,571287",https://inaturalist-open-data.s3.amazonaws.com/photos/8370/medium.jpg
55624,Acronicta,Dagger Moths,genus,Insecta,"48460,1,47120,372739,47158,184884,47157,47607,48670,122465",https://inaturalist-open-data.s3.amazonaws.com/photos/2173939/medium.jpg
12951,Myadestes townsendi,Townsend's Solitaire,species,Aves,"48460,1,2,355675,3,7251,15977,12947",https://inaturalist-open-data.s3.amazonaws.com/photos/197300966/medium.jpg
638209,Junco hyemalis thurberi,Sierra Oregon Junco,subspecies,Aves,"48460,1,2,355675,3,7251,559248,10093,10094",https://inaturalist-open-data.s3.amazonaws.com/photos/17148043/medium.jpg
49919,Quercus kelloggii,California black oak,species,Plantae,"48460,47126,211194,47125,47124,47853,47852,47851,861029,861036,1542658",https://inaturalist-open-data.s3.amazonaws.com/photos/556747518/medium.jpg
48928,Lilium,true lilies,genus,Plantae,"48460,47126,211194,47125,47163,47329,47328,859160,859161",https://static.inaturalist.org/photos/58176964/medium.jpg
78385,Pellaea bridgesii,Bridges' cliffbrake,species,Plantae,"48460,47126,211194,121943,764796,47754,1224538,48437,545701,57232",https://static.inaturalist.org/photos/37384/medium.jpg
48571,Carex,true sedges,genus,Plantae,"48460,47126,211194,47125,47163,47162,47161,873509,924136",https://inaturalist-open-data.s3.amazonaws.com/photos/18432491/medium.jpeg
229961,Rhizocarpon lecanorinum,Crescent Map Lichen,species,Fungi,"48460,47170,48250,372740,54743,952186,117897,117898,117899,1425258,1424333",https://inaturalist-open-data.s3.amazonaws.com/photos/5199855/medium.jpeg
8021,Corvus brachyrhynchos,American Crow,species,Aves,"48460,1,2,355675,3,7251,7823,7998",https://inaturalist-open-data.s3.amazonaws.com/photos/4661023/medium.jpg
56644,Polygonia satyrus,Satyr Comma,species,Insecta,"48460,1,47120,372739,47158,184884,47157,47224,47922,202067,202066,50392",https://inaturalist-open-data.s3.amazonaws.com/photos/390722/medium.jpg
63316,Agastache urticifolia,nettle-leaf giant hyssop,species,Plantae,"48460,47126,211194,47125,47124,48151,48623,520502,918917,919180,52635",https://inaturalist-open-data.s3.amazonaws.com/photos/91360434/medium.jpeg
67856,Antitrichia,,genus,Plantae,"48460,47126,311249,48372,67858,1125765",https://inaturalist-open-data.s3.amazonaws.com/photos/113658286/medium.jpg
53437,Rosa californica,California Wild Rose,species,Plantae,"48460,47126,211194,47125,47124,47132,47148,415343,922173,53438,1607579,1511486",https://inaturalist-open-data.s3.amazonaws.com/photos/26169244/medium.jpg
1117856,Argynnis,Greater Fritillaries,genus,Insecta,"48460,1,47120,372739,47158,184884,47157,47224,47922,60854,134168",https://inaturalist-open-data.s3.amazonaws.com/photos/45008679/medium.jpg
47567,Salicaceae,willow family,family,Plantae,"48460,47126,211194,47125,47124,51820",https://inaturalist-open-data.s3.amazonaws.com/photos/79452056/medium.jpeg
51089,Quercus wislizeni,interior live oak,species,Plantae,"48460,47126,211194,47125,47124,47853,47852,47851,861029,861036,1542658",https://inaturalist-open-data.s3.amazonaws.com/photos/16828676/medium.jpg
771871,Erythranthe erubescens,Blushing Monkeyflower,species,Plantae,"48460,47126,211194,47125,47124,48151,64552,319976,982845",https://inaturalist-open-data.s3.amazonaws.com/photos/24501043/medium.jpg
76013,Carex aquatilis,water sedge,species,Plantae,"48460,47126,211194,47125,47163,47162,47161,873509,924136,48571,1120852,1460633",https://inaturalist-open-data.s3.amazonaws.com/photos/215795134/medium.jpeg
47518,Salmo trutta,Brown Trout,species,Actinopterygii,"48460,1,2,355675,47178,47521,1555655,47520,342904,47519",https://inaturalist-open-data.s3.amazonaws.com/photos/34847723/medium.jpg
45933,Sciuridae,Squirrels,family,Mammalia,"48460,1,2,355675,40151,848317,848320,848323,43698,129411",https://static.inaturalist.org/photos/57429066/medium.jpg
24259,Pseudacris regilla,Pacific chorus frog,species,Amphibia,"48460,1,2,355675,20978,20979,23540,787592,24253",https://inaturalist-open-data.s3.amazonaws.com/photos/173430494/medium.jpg
52136,Ipomopsis aggregata,Scarlet Gilia,species,Plantae,"48460,47126,211194,47125,47124,47181,48932,52137",https://inaturalist-open-data.s3.amazonaws.com/photos/317502844/medium.jpg
351822,Pholiota highlandensis,Bonfire Scalycap,species,Fungi,"48460,47170,47169,492000,50814,1094814,47167,785517,48768,64076,1366809,1433660",https://inaturalist-open-data.s3.amazonaws.com/photos/200421114/medium.jpeg
53424,Frangula,False-Buckthorns,genus,Plantae,"48460,47126,211194,47125,47124,47132,49041,1256740",https://static.inaturalist.org/photos/18560465/medium.jpeg
479943,Ganoderma polychromum,,species,Fungi,"48460,47170,47169,492000,50814,47380,47379,48475,1106981",https://inaturalist-open-data.s3.amazonaws.com/photos/19921881/medium.jpeg
62228,Ceanothus cordulatus,mountain whitethorn,species,Plantae,"48460,47126,211194,47125,47124,47132,49041,49674,1191150",https://inaturalist-open-data.s3.amazonaws.com/photos/389837281/medium.jpg
47434,Poaceae,grasses,family,Plantae,"48460,47126,211194,47125,47163,47162",https://inaturalist-open-data.s3.amazonaws.com/photos/76692662/medium.jpg
58192,Stachys albens,whitestem hedgenettle,species,Plantae,"48460,47126,211194,47125,47124,48151,48623,918903,918913,51229",https://inaturalist-open-data.s3.amazonaws.com/photos/100607690/medium.jpg
53723,Calocedrus decurrens,California incense-cedar,species,Plantae,"48460,47126,211194,136329,47375,47374,1150915,53727",https://inaturalist-open-data.s3.amazonaws.com/photos/52181671/medium.jpg
52106,Streptanthus tortuosus,Mountain Jewelflower,species,Plantae,"48460,47126,211194,47125,47124,71275,47204,1473853,1473856,792499,50621",https://inaturalist-open-data.s3.amazonaws.com/photos/84381975/medium.jpeg
221218,Herpyllus propinquus,Western Parson Spider,species,Arachnida,"48460,1,47120,245097,47119,47118,120474,342614,1529315,1529303,367173,50168,1366691,53535",https://inaturalist-open-data.s3.amazonaws.com/photos/10222346/medium.jpeg
1068235,Boechera,rockcresses,genus,Plantae,"48460,47126,211194,47125,47124,71275,47204,1473853,1473859,902756",https://inaturalist-open-data.s3.amazonaws.com/photos/64427045/medium.jpg
48151,Lamiales,"mints, plantains, olives, and allies",order,Plantae,"48460,47126,211194,47125,47124",https://inaturalist-open-data.s3.amazonaws.com/photos/45809243/medium.jpeg
630955,Anthophila,Bees,epifamily,Insecta,"48460,1,47120,372739,47158,184884,47201,124417,326777,47222",https://inaturalist-open-data.s3.amazonaws.com/photos/13123002/medium.jpg
55490,Cycloneda,Spotless Lady Beetles,genus,Insecta,"48460,1,47120,372739,47158,184884,47208,71130,372852,471714,48486,333790,333796",https://inaturalist-open-data.s3.amazonaws.com/photos/49307293/medium.jpg
52131,Phyllodoce breweri,Purple Mountain-heath,species,Plantae,"48460,47126,211194,47125,47124,47181,133387,634911,920524,52132",https://inaturalist-open-data.s3.amazonaws.com/photos/23291/medium.jpg
46086,Marmota flaviventris,Yellow-bellied Marmot,species,Mammalia,"48460,1,2,355675,40151,848317,848320,848323,43698,129411,45933,339572,209650,46078,1431486",https://inaturalist-open-data.s3.amazonaws.com/photos/32635/medium.jpg
8234,Cyanocitta stelleri,Steller's Jay,species,Aves,"48460,1,2,355675,3,7251,7823,8228",https://inaturalist-open-data.s3.amazonaws.com/photos/462234787/medium.jpg
48267,Crotalus oreganus oreganus,Northern Pacific Rattlesnake,subspecies,Reptilia,"48460,1,2,355675,26036,26172,85553,30667,797576,30692,48268",https://inaturalist-open-data.s3.amazonaws.com/photos/764916/medium.jpg
78896,Rudbeckia californica,California coneflower,species,Plantae,"48460,47126,211194,47125,47124,47605,47604,632790,605446,888924,62742,888919",https://inaturalist-open-data.s3.amazonaws.com/photos/4445956/medium.jpeg
50190,Cicadoidea,Cicadas,superfamily,Insecta,"48460,1,47120,372739,47158,184884,47744,125816,372849",https://inaturalist-open-data.s3.amazonaws.com/photos/174648837/medium.jpeg
48256,Pseudotsuga menziesii,Douglas-fir,species,Plantae,"48460,47126,211194,136329,47375,47562,1456301,48257",https://inaturalist-open-data.s3.amazonaws.com/photos/140217013/medium.jpg
58826,Euthamia occidentalis,western goldenrod,species,Plantae,"48460,47126,211194,47125,47124,47605,47604,632790,461542,1345156,58827",https://inaturalist-open-data.s3.amazonaws.com/photos/53836253/medium.jpeg
7998,Corvus,Crows and Ravens,genus,Aves,"48460,1,2,355675,3,7251,7823",https://inaturalist-open-data.s3.amazonaws.com/photos/14518648/medium.jpg
59122,Pontia,,genus,Insecta,"48460,1,47120,372739,47158,184884,47157,47224,48508,209720,321384,475032",https://inaturalist-open-data.s3.amazonaws.com/photos/28425604/medium.jpg
51953,Tachinidae,Tachinid Flies,family,Insecta,"48460,1,47120,372739,47158,184884,47822,48091,372853,48089,342767,356157",https://inaturalist-open-data.s3.amazonaws.com/photos/6026528/medium.jpg
81495,Libellula pulchella,Twelve-spotted Skimmer,species,Insecta,"48460,1,47120,372739,47158,184884,47792,47927,1317176,47819,47818",https://inaturalist-open-data.s3.amazonaws.com/photos/92224419/medium.jpg
49596,Salvelinus fontinalis,Brook Trout,species,Actinopterygii,"48460,1,2,355675,47178,47521,1555655,47520,342904,49597",https://inaturalist-open-data.s3.amazonaws.com/photos/81903859/medium.jpg
78810,Quercus vacciniifolia,huckleberry oak,species,Plantae,"48460,47126,211194,47125,47124,47853,47852,47851,861029,861037",https://static.inaturalist.org/photos/219224684/medium.jpg
10274,Pheucticus melanocephalus,Black-headed Grosbeak,species,Aves,"48460,1,2,355675,3,7251,71305,10269",https://inaturalist-open-data.s3.amazonaws.com/photos/390443967/medium.jpg
569146,Diospyros glabra,Cape Starapple,species,Plantae,"48460,47126,211194,47125,47124,47181,71506,83434",https://inaturalist-open-data.s3.amazonaws.com/photos/15158765/medium.jpg
632126,Protoparmeliopsis muralis,Stonewall Rim Lichen,species,Fungi,"48460,47170,48250,372740,54743,952186,48327,50253,532707",https://inaturalist-open-data.s3.amazonaws.com/photos/20724471/medium.jpg
71075,Cordylanthus tenuis,slender bird's beak,species,Plantae,"48460,47126,211194,47125,47124,48151,47322,902069,57273",https://inaturalist-open-data.s3.amazonaws.com/photos/150522/medium.jpg
79302,Symphyotrichum spathulatum,western mountain aster,species,Plantae,"48460,47126,211194,47125,47124,47605,47604,632790,461542,972608,56112,1416869,1416880",https://inaturalist-open-data.s3.amazonaws.com/photos/23427191/medium.jpg
58827,Euthamia,grass-leaved goldenrods,genus,Plantae,"48460,47126,211194,47125,47124,47605,47604,632790,461542,1345156",https://inaturalist-open-data.s3.amazonaws.com/photos/166199361/medium.jpg
75958,Calyptridium monospermum,One-seeded Pussypaws,species,Plantae,"48460,47126,211194,47125,47124,47366,71417,72027",https://inaturalist-open-data.s3.amazonaws.com/photos/962129/medium.JPG
78540,Phleum alpinum,Alpine Timothy,species,Plantae,"48460,47126,211194,47125,47163,47162,47434,514989,552962,1138145,57193",https://inaturalist-open-data.s3.amazonaws.com/photos/225222190/medium.jpg
311292,Neolentinus ponderosus,Giant Sawgill,species,Fungi,"48460,47170,47169,492000,50814,67339,67340,311293",https://inaturalist-open-data.s3.amazonaws.com/photos/4782765/medium.jpeg
76152,Castilleja peirsonii,Peirson's Paintbrush,species,Plantae,"48460,47126,211194,47125,47124,48151,47322,902069,49340",https://inaturalist-open-data.s3.amazonaws.com/photos/24073580/medium.jpeg
78420,Penstemon rydbergii,Rydberg's Beardtongue,species,Plantae,"48460,47126,211194,47125,47124,48151,50638,840998,48367,1368654,1368667",https://inaturalist-open-data.s3.amazonaws.com/photos/4247616/medium.jpg
53453,Salix,Willows,genus,Plantae,"48460,47126,211194,47125,47124,51820,47567",https://inaturalist-open-data.s3.amazonaws.com/photos/11846/medium.jpg
63960,Rubus leucodermis,whitebark raspberry,species,Plantae,"48460,47126,211194,47125,47124,47132,47148,415343,922171,47544",https://static.inaturalist.org/photos/22798930/medium.jpg
55135,Arctostaphylos viscida,Whiteleaf Manzanita,species,Plantae,"48460,47126,211194,47125,47124,47181,133387,571287,47179",https://inaturalist-open-data.s3.amazonaws.com/photos/13758698/medium.jpeg
48561,Cirsium,Plume Thistles,genus,Plantae,"48460,47126,211194,47125,47124,47605,47604,201654,632883,632885",https://static.inaturalist.org/photos/59587162/medium.jpg
55910,Hieracium,hawkweeds,genus,Plantae,"48460,47126,211194,47125,47124,47605,47604,447425,359450,632702",https://inaturalist-open-data.s3.amazonaws.com/photos/72202962/medium.jpeg
52681,Pteridium aquilinum,common bracken,species,Plantae,"48460,47126,211194,121943,764796,47754,1224539,52682,52683",https://inaturalist-open-data.s3.amazonaws.com/photos/64559686/medium.jpg
143799,Sambucus cerulea,blue elder,species,Plantae,"48460,47126,211194,47125,47124,48526,781703,52689",https://inaturalist-open-data.s3.amazonaws.com/photos/46738687/medium.jpg
632790,Asteroideae,,subfamily,Plantae,"48460,47126,211194,47125,47124,47605,47604",https://inaturalist-open-data.s3.amazonaws.com/photos/55028542/medium.jpg
78022,Micranthes bryophora,Bud Saxifrage,species,Plantae,"48460,47126,211194,47125,47124,71289,48386,1424211,72236,1540039",https://inaturalist-open-data.s3.amazonaws.com/photos/14510/medium.jpg
62697,Silene sargentii,Sargent's Catchfly,species,Plantae,"48460,47126,211194,47125,47124,47366,48567,791473,791475,52195,1395950,1395968",https://inaturalist-open-data.s3.amazonaws.com/photos/23329/medium.jpg
57912,Artemisia dracunculus,Tarragon,species,Plantae,"48460,47126,211194,47125,47124,47605,47604,632790,373844,900983,52855,1123941",https://inaturalist-open-data.s3.amazonaws.com/photos/84568291/medium.jpg
76879,Ericameria bloomeri,Bloomer's goldenbush,species,Plantae,"48460,47126,211194,47125,47124,47605,47604,632790,461542,901804,57933",https://inaturalist-open-data.s3.amazonaws.com/photos/48713375/medium.jpeg
226220,Oecanthus californicus,Western Tree Cricket,species,Insecta,"48460,1,47120,372739,47158,184884,47651,132694,358855,50158,1449512,148912,1436169,523896,63036,1563143",https://static.inaturalist.org/photos/2534182/medium.jpg
57272,Cordylanthus rigidus,Stiffbranch Bird's Beak,species,Plantae,"48460,47126,211194,47125,47124,48151,47322,902069,57273",https://inaturalist-open-data.s3.amazonaws.com/photos/416468014/medium.jpeg
57236,Pellaea mucronata,bird's foot cliffbrake,species,Plantae,"48460,47126,211194,121943,764796,47754,1224538,48437,545701,57232",https://inaturalist-open-data.s3.amazonaws.com/photos/378024608/medium.jpg
67905,Polytrichum piliferum,bristly haircap moss,species,Plantae,"48460,47126,311249,785240,1122192,55333,67912",https://static.inaturalist.org/photos/326567793/medium.jpg
153388,Circotettix maculatus,Dancing Grasshopper,species,Insecta,"48460,1,47120,372739,47158,184884,47651,67688,700600,47650,47649,129164,523486,153389",https://inaturalist-open-data.s3.amazonaws.com/photos/10316836/medium.jpeg
52153,Triteleia ixioides,Prettyface,species,Plantae,"48460,47126,211194,47125,47163,47218,47599,508839,51086",https://inaturalist-open-data.s3.amazonaws.com/photos/434494/medium.jpg
538893,Psithyrus,Cuckoo Bumble Bees,subgenus,Insecta,"48460,1,47120,372739,47158,184884,47201,124417,326777,47222,630955,47221,199939,538883,52775",https://inaturalist-open-data.s3.amazonaws.com/photos/41446582/medium.jpg
67379,Lupinus latifolius,Broadleaf Lupine,species,Plantae,"48460,47126,211194,47125,47124,47123,47122,507502,548591,47121",https://inaturalist-open-data.s3.amazonaws.com/photos/222664185/medium.jpeg
51901,Antennaria,pussytoes,genus,Plantae,"48460,47126,211194,47125,47124,47605,47604,632790,324787,1410494",https://inaturalist-open-data.s3.amazonaws.com/photos/9390719/medium.jpeg
60533,Castilleja lemmonii,Lemmon's paintbrush,species,Plantae,"48460,47126,211194,47125,47124,48151,47322,902069,49340",https://inaturalist-open-data.s3.amazonaws.com/photos/221590992/medium.jpeg
125055,Umbilicaria phaea,Emery Rocktripe Lichen,species,Fungi,"48460,47170,48250,372740,54743,1094436,1094443,59970,59968",https://inaturalist-open-data.s3.amazonaws.com/photos/351531231/medium.jpg
60845,Ericameria discoidea,whitestem goldenbush,species,Plantae,"48460,47126,211194,47125,47124,47605,47604,632790,461542,901804,57933",https://inaturalist-open-data.s3.amazonaws.com/photos/1088324/medium.JPG
52792,Elymus,wild ryes and wheatgrasses,genus,Plantae,"48460,47126,211194,47125,47163,47162,47434,514989,709543,1138150",https://inaturalist-open-data.s3.amazonaws.com/photos/49723/medium.jpg
52855,Artemisia,wormwoods and sagebrushes,genus,Plantae,"48460,47126,211194,47125,47124,47605,47604,632790,373844,900983",https://inaturalist-open-data.s3.amazonaws.com/photos/142854263/medium.jpeg
76148,Castilleja miniata,giant red paintbrush,species,Plantae,"48460,47126,211194,47125,47124,48151,47322,902069,49340",https://inaturalist-open-data.s3.amazonaws.com/photos/42374889/medium.jpeg
49340,Castilleja,Paintbrushes,genus,Plantae,"48460,47126,211194,47125,47124,48151,47322,902069",https://static.inaturalist.org/photos/342511568/medium.jpg
52713,Calamagrostis,Reedgrasses,genus,Plantae,"48460,47126,211194,47125,47163,47162,47434,514989,552962,1138128",https://inaturalist-open-data.s3.amazonaws.com/photos/154503428/medium.jpeg
52989,Cirsium vulgare,Bull Thistle,species,Plantae,"48460,47126,211194,47125,47124,47605,47604,201654,632883,632885,48561",https://inaturalist-open-data.s3.amazonaws.com/photos/306770747/medium.jpeg
194385,Lactarius deterrimus,Orange-latex Milky,species,Fungi,"48460,47170,47169,492000,50814,48341,48340,54597,1174534,1303228",https://inaturalist-open-data.s3.amazonaws.com/photos/172926337/medium.jpeg
47226,Papilio rutulus,Western Tiger Swallowtail,species,Insecta,"48460,1,47120,372739,47158,184884,47157,47224,47223,49973,207785,47225,545186",https://inaturalist-open-data.s3.amazonaws.com/photos/18957208/medium.jpg
321460,Monochamus obtusus,,species,Insecta,"48460,1,47120,372739,47158,184884,47208,71130,372852,963992,47961,50265,503968,82044,740173",https://inaturalist-open-data.s3.amazonaws.com/photos/47281510/medium.jpeg
77072,Erysimum perenne,Mountain Wallflower,species,Plantae,"48460,47126,211194,47125,47124,71275,47204,1473853,1473859,903171,50630",https://inaturalist-open-data.s3.amazonaws.com/photos/200045/medium.jpg
54743,Lecanoromycetes,common lichens,class,Fungi,"48460,47170,48250,372740",https://inaturalist-open-data.s3.amazonaws.com/photos/63445240/medium.jpeg
154105,Lecidea fuscoatra,,species,Fungi,"48460,47170,48250,372740,54743,952186,125752,154106,154107",https://inaturalist-open-data.s3.amazonaws.com/photos/220674455/medium.jpeg
79218,Stephanomeria tenuifolia,narrow-leaved wirelettuce,species,Plantae,"48460,47126,211194,47125,47124,47605,47604,447425,359450,632705,56986",https://inaturalist-open-data.s3.amazonaws.com/photos/59491474/medium.jpg
861037,Protobalanus,North America intermediate oaks,section,Plantae,"48460,47126,211194,47125,47124,47853,47852,47851,861029",https://inaturalist-open-data.s3.amazonaws.com/photos/548634/medium.jpg
48367,Penstemon,beardtongues,genus,Plantae,"48460,47126,211194,47125,47124,48151,50638,840998",https://inaturalist-open-data.s3.amazonaws.com/photos/84784274/medium.jpeg
75537,Arctostaphylos patula,greenleaf manzanita,species,Plantae,"48460,47126,211194,47125,47124,47181,133387,571287,47179",https://inaturalist-open-data.s3.amazonaws.com/photos/6337211/medium.jpg
635401,Erythranthe primuloides,primrose monkeyflower,species,Plantae,"48460,47126,211194,47125,47124,48151,64552,319976,982841",https://inaturalist-open-data.s3.amazonaws.com/photos/13525987/medium.jpg
79183,Spiraea splendens,Mountain Spirea,species,Plantae,"48460,47126,211194,47125,47124,47132,47148,922110,922116,48681",https://inaturalist-open-data.s3.amazonaws.com/photos/14534/medium.jpg
78691,Polygonum shastense,Shasta knotweed,species,Plantae,"48460,47126,211194,47125,47124,47366,48382,922206,922238,922239,48972,1413449",https://inaturalist-open-data.s3.amazonaws.com/photos/1916067/medium.jpg
54613,Letharia vulpina,wolf lichen,species,Fungi,"48460,47170,48250,372740,54743,952186,48327,54321,1094690,54623",https://inaturalist-open-data.s3.amazonaws.com/photos/7315/medium.jpg
54322,Vulpicida,Sunshine Lichens,genus,Fungi,"48460,47170,48250,372740,54743,952186,48327,54321,1094690",https://inaturalist-open-data.s3.amazonaws.com/photos/7316/medium.jpg
77415,Hieracium horridum,Prickly Hawkweed,species,Plantae,"48460,47126,211194,47125,47124,47605,47604,447425,359450,632702,55910",https://inaturalist-open-data.s3.amazonaws.com/photos/4381617/medium.jpeg
48353,Vaccinium,"blueberries, cranberries, and allies",genus,Plantae,"48460,47126,211194,47125,47124,47181,133387,634914,919967",https://inaturalist-open-data.s3.amazonaws.com/photos/56288/medium.jpg
53226,Boisea rubrolineata,Western Boxelder Bug,species,Insecta,"48460,1,47120,372739,47158,184884,47744,61267,372868,51776,53225,450173,53224",https://inaturalist-open-data.s3.amazonaws.com/photos/5298/medium.jpg
18236,Colaptes auratus,Northern Flicker,species,Aves,"48460,1,2,355675,3,17550,17599,18230",https://inaturalist-open-data.s3.amazonaws.com/photos/123812445/medium.jpg
1399,Oreortyx pictus,Mountain Quail,species,Aves,"48460,1,2,355675,3,573,1278,1398",https://static.inaturalist.org/photos/214188321/medium.jpg
52971,Epilobium brachycarpum,panicled willowherb,species,Plantae,"48460,47126,211194,47125,47124,47791,47790,52972",https://inaturalist-open-data.s3.amazonaws.com/photos/320668528/medium.jpeg
78434,Perideridia gairdneri,Gairdner's Yampah,species,Plantae,"48460,47126,211194,47125,47124,48700,48699,790553,790586,56839",https://inaturalist-open-data.s3.amazonaws.com/photos/420953222/medium.jpeg
53502,Brickellia,brickellbushes,genus,Plantae,"48460,47126,211194,47125,47124,47605,47604,632790,153419,901038",https://static.inaturalist.org/photos/52196532/medium.jpeg
60532,Pedicularis attollens,Little Elephant's Head,species,Plantae,"48460,47126,211194,47125,47124,48151,47322,902069,49646",https://inaturalist-open-data.s3.amazonaws.com/photos/14530/medium.jpg
47170,Fungi,Fungi Including Lichens,kingdom,Fungi,48460,https://inaturalist-open-data.s3.amazonaws.com/photos/260296784/medium.jpg
50842,Hosackia,,genus,Plantae,"48460,47126,211194,47125,47124,47123,47122,507502,533443",https://inaturalist-open-data.s3.amazonaws.com/photos/75764305/medium.jpeg
8010,Corvus corax,Common Raven,species,Aves,"48460,1,2,355675,3,7251,7823,7998",https://inaturalist-open-data.s3.amazonaws.com/photos/54389687/medium.jpg
564969,Chamaenerion angustifolium,fireweed,species,Plantae,"48460,47126,211194,47125,47124,47791,47790,564913",https://inaturalist-open-data.s3.amazonaws.com/photos/145664133/medium.jpg
498078,Deconica montana,mountain moss deconica,species,Fungi,"48460,47170,47169,492000,50814,1094814,47167,785517,416512,379689",https://inaturalist-open-data.s3.amazonaws.com/photos/181325359/medium.jpeg
336654,Buteo jamaicensis calurus,Western Red-tailed Hawk,subspecies,Aves,"48460,1,2,355675,3,71261,5067,1542783,5179,5212",https://inaturalist-open-data.s3.amazonaws.com/photos/442171390/medium.jpeg
53093,Helenium,sneezeweeds,genus,Plantae,"48460,47126,211194,47125,47124,47605,47604,632790,632795,635184",https://inaturalist-open-data.s3.amazonaws.com/photos/88727490/medium.jpg
1456575,Argynnis egleis,Great Basin Fritillary,species,Insecta,"48460,1,47120,372739,47158,184884,47157,47224,47922,60854,134168,1117856,1456549",https://inaturalist-open-data.s3.amazonaws.com/photos/20982047/medium.jpg
50259,Arceuthobium,Dwarf-Mistletoes,genus,Plantae,"48460,47126,211194,47125,47124,49669,59992,577688",https://inaturalist-open-data.s3.amazonaws.com/photos/9166/medium.jpg
118913,Dolichovespula arenaria,Common Aerial Yellowjacket,species,Insecta,"48460,1,47120,372739,47158,184884,47201,124417,326777,48740,52747,84738,52912",https://inaturalist-open-data.s3.amazonaws.com/photos/1850359/medium.jpg
60500,Veratrum californicum,Corn Lily,species,Plantae,"48460,47126,211194,47125,47163,47329,49464,858331,60502",https://static.inaturalist.org/photos/96971645/medium.jpg
53490,Suillus,Slippery Jacks,genus,Fungi,"48460,47170,47169,492000,50814,1094814,48427,1432580,53489",https://inaturalist-open-data.s3.amazonaws.com/photos/5732668/medium.jpeg
75589,Artemisia michauxiana,lemon sagewort,species,Plantae,"48460,47126,211194,47125,47124,47605,47604,632790,373844,900983,52855",https://inaturalist-open-data.s3.amazonaws.com/photos/117915/medium.jpg
70395,Castilleja applegatei,wavyleaf paintbrush,species,Plantae,"48460,47126,211194,47125,47124,48151,47322,902069,49340",https://inaturalist-open-data.s3.amazonaws.com/photos/160349589/medium.jpg
48244,Aquilegia formosa,western columbine,species,Plantae,"48460,47126,211194,47125,47124,48232,48231,746708,48245",https://inaturalist-open-data.s3.amazonaws.com/photos/367958108/medium.jpg
50175,Enallagma,Bluets,genus,Insecta,"48460,1,47120,372739,47158,184884,47792,47928,426081,47925",https://static.inaturalist.org/photos/4911480/medium.jpg
180007,Otospermophilus beecheyi,California Ground Squirrel,species,Mammalia,"48460,1,2,355675,40151,848317,848320,848323,43698,129411,45933,339572,209650,179939",https://inaturalist-open-data.s3.amazonaws.com/photos/1353651/medium.jpg
8520,Nucifraga columbiana,Clark's Nutcracker,species,Aves,"48460,1,2,355675,3,7251,7823,8518",https://static.inaturalist.org/photos/350111806/medium.jpg
48807,Umbellularia californica,California bay,species,Plantae,"48460,47126,211194,47125,47124,48808,48809,48810",https://inaturalist-open-data.s3.amazonaws.com/photos/264601982/medium.jpg
5206,Buteo lineatus,Red-shouldered Hawk,species,Aves,"48460,1,2,355675,3,71261,5067,1542783,5179",https://inaturalist-open-data.s3.amazonaws.com/photos/5600620/medium.jpg
50743,Spiranthes romanzoffiana,Hooded Ladies' Tresses,species,Plantae,"48460,47126,211194,47125,47163,47218,47217,738348,544791,788256,50741",https://inaturalist-open-data.s3.amazonaws.com/photos/85942231/medium.jpg
77738,Ligusticum grayi,Gray's Lovage,species,Plantae,"48460,47126,211194,47125,47124,48700,48699,790553,790592,59314",https://inaturalist-open-data.s3.amazonaws.com/photos/454335802/medium.jpeg
78950,Salix petrophila,rocky mountain willow,species,Plantae,"48460,47126,211194,47125,47124,51820,47567,53453,1237135,1237142",https://inaturalist-open-data.s3.amazonaws.com/photos/4580108/medium.jpg
77455,Hosackia crassifolia,Big deervetch,species,Plantae,"48460,47126,211194,47125,47124,47123,47122,507502,533443,50842",https://inaturalist-open-data.s3.amazonaws.com/photos/12498169/medium.jpeg
67912,Polytrichum,haircap mosses,genus,Plantae,"48460,47126,311249,785240,1122192,55333",https://inaturalist-open-data.s3.amazonaws.com/photos/80840711/medium.jpeg
47121,Lupinus,lupines,genus,Plantae,"48460,47126,211194,47125,47124,47123,47122,507502,548591",https://inaturalist-open-data.s3.amazonaws.com/photos/249761150/medium.jpeg
68954,Camponotus modoc,Western Black Carpenter Ant,species,Insecta,"48460,1,47120,372739,47158,184884,47201,124417,326777,1269340,47336,244834,334375,62781,519191",https://static.inaturalist.org/photos/202740321/medium.jpg
164881,Lupinus burkei,Burke's Lupine,species,Plantae,"48460,47126,211194,47125,47124,47123,47122,507502,548591,47121",https://inaturalist-open-data.s3.amazonaws.com/photos/79876038/medium.jpeg
52854,Artemisia douglasiana,California mugwort,species,Plantae,"48460,47126,211194,47125,47124,47605,47604,632790,373844,900983,52855,1123942",https://inaturalist-open-data.s3.amazonaws.com/photos/5232/medium.jpg
58796,Asclepias eriocarpa,woollypod milkweed,species,Plantae,"48460,47126,211194,47125,47124,47363,47362,373579,632307,632069,47906",https://inaturalist-open-data.s3.amazonaws.com/photos/46117845/medium.jpg
47562,Pinaceae,pine family,family,Plantae,"48460,47126,211194,136329,47375",https://inaturalist-open-data.s3.amazonaws.com/photos/275129245/medium.jpg
52667,Adiantum aleuticum,western maidenhair fern,species,Plantae,"48460,47126,211194,121943,764796,47754,1224538,48437,545735,48436,1619485",https://inaturalist-open-data.s3.amazonaws.com/photos/76874/medium.jpg
59556,Cercis occidentalis,Western Redbud,species,Plantae,"48460,47126,211194,47125,47124,47123,47122,746804,746816,48801",https://inaturalist-open-data.s3.amazonaws.com/photos/450999973/medium.jpeg
47544,Rubus,brambles,genus,Plantae,"48460,47126,211194,47125,47124,47132,47148,415343,922171",https://inaturalist-open-data.s3.amazonaws.com/photos/1148035/medium.JPG
77123,Eurybia integrifolia,thickstem aster,species,Plantae,"48460,47126,211194,47125,47124,47605,47604,632790,461542,972893,52975",https://inaturalist-open-data.s3.amazonaws.com/photos/4568192/medium.jpeg
17855,Dryocopus pileatus,Pileated Woodpecker,species,Aves,"48460,1,2,355675,3,17550,17599,17834",https://inaturalist-open-data.s3.amazonaws.com/photos/168915535/medium.jpg
60507,Clarkia williamsonii,Fort Miller clarkia,species,Plantae,"48460,47126,211194,47125,47124,47791,47790,47789",https://static.inaturalist.org/photos/2016607/medium.jpg
53708,Pacifastacus leniusculus,Signal Crayfish,species,Animalia,"48460,1,47120,85493,473790,47187,774775,144113,47186,118451,311310,47783,53709,53710",https://inaturalist-open-data.s3.amazonaws.com/photos/173071795/medium.jpg
179939,Otospermophilus,North American Rock Squirrels,genus,Mammalia,"48460,1,2,355675,40151,848317,848320,848323,43698,129411,45933,339572,209650",https://static.inaturalist.org/photos/399579/medium.jpg
53046,Eriogonum nudum,Naked Buckwheat,species,Plantae,"48460,47126,211194,47125,47124,47366,48382,922207,922210,48939,1112639",https://inaturalist-open-data.s3.amazonaws.com/photos/153468/medium.jpg
197810,Neotamias merriami,Merriam's Chipmunk,species,Mammalia,"48460,1,2,355675,40151,848317,848320,848323,43698,129411,45933,339572,1279829,197808",https://static.inaturalist.org/photos/29584082/medium.jpg
118084,Phaeolus schweinitzii,Dyer's Polypore,species,Fungi,"48460,47170,47169,492000,50814,47380,1415508,118088",https://inaturalist-open-data.s3.amazonaws.com/photos/11773675/medium.jpg
118032,Guepiniopsis alpina,alpine jelly cone,species,Fungi,"48460,47170,47169,492000,53277,53278,53279,118033",https://inaturalist-open-data.s3.amazonaws.com/photos/40184816/medium.jpg
48549,Vanessa virginiensis,American Lady,species,Insecta,"48460,1,47120,372739,47158,184884,47157,47224,47922,202067,202066,48507",https://static.inaturalist.org/photos/241068515/medium.jpg
78280,Oreostemma alpigenum,Tundra Aster,species,Plantae,"48460,47126,211194,47125,47124,47605,47604,632790,461542,972893,62197",https://inaturalist-open-data.s3.amazonaws.com/photos/4112949/medium.jpg
48934,Pinus contorta,lodgepole pine,species,Plantae,"48460,47126,211194,136329,47375,47562,1456301,47561,790732,790770,1606858",https://inaturalist-open-data.s3.amazonaws.com/photos/45880976/medium.jpeg
1044224,Castilleja disticha,Distichous Paintbrush,species,Plantae,"48460,47126,211194,47125,47124,48151,47322,902069,49340",https://inaturalist-open-data.s3.amazonaws.com/photos/398337257/medium.jpg
10325,Euphagus cyanocephalus,Brewer's Blackbird,species,Aves,"48460,1,2,355675,3,7251,11989,10321",https://static.inaturalist.org/photos/704834/medium.jpg
79155,Solidago velutina,velvety goldenrod,species,Plantae,"48460,47126,211194,47125,47124,47605,47604,632790,461542,972606,48678,1454394,1454407,1454409",https://inaturalist-open-data.s3.amazonaws.com/photos/2143455/medium.jpg
18460,Sphyrapicus thyroideus,Williamson's Sapsucker,species,Aves,"48460,1,2,355675,3,17550,17599,18459",https://inaturalist-open-data.s3.amazonaws.com/photos/207903479/medium.jpg
28400,Thamnophis elegans elegans,Mountain Garter Snake,subspecies,Reptilia,"48460,1,2,355675,26036,26172,85553,26504,532896,28339,28398",https://inaturalist-open-data.s3.amazonaws.com/photos/17588796/medium.jpg
127452,Pterophorinae,,subfamily,Insecta,"48460,1,47120,372739,47158,184884,47157,47405,47404",https://inaturalist-open-data.s3.amazonaws.com/photos/117750/medium.jpg
59780,Pedicularis groenlandica,Elephant's-Head lousewort,species,Plantae,"48460,47126,211194,47125,47124,48151,47322,902069,49646",https://inaturalist-open-data.s3.amazonaws.com/photos/13622/medium.jpg
60843,Wyethia mollis,woolly mule's ears,species,Plantae,"48460,47126,211194,47125,47124,47605,47604,632790,605446,1116307,48243",https://inaturalist-open-data.s3.amazonaws.com/photos/19476971/medium.jpg
792994,Dryobates albolarvatus,White-headed Woodpecker,species,Aves,"48460,1,2,355675,3,17550,17599,792976",https://static.inaturalist.org/photos/222639432/medium.jpg
48798,Sidalcea,Checkerblooms,genus,Plantae,"48460,47126,211194,47125,47124,48796,48797,860115,860842",https://inaturalist-open-data.s3.amazonaws.com/photos/7333/medium.jpg
64972,Anaxyrus canorus,Yosemite Toad,species,Amphibia,"48460,1,2,355675,20978,20979,21359,64747",https://static.inaturalist.org/photos/6260883/medium.jpg
78352,Parnassia palustris,marsh grass-of-Parnassus,species,Plantae,"48460,47126,211194,47125,47124,47540,47539,943269,61837",https://static.inaturalist.org/photos/534732685/medium.jpg
54436,Rubus idaeus,red raspberry,species,Plantae,"48460,47126,211194,47125,47124,47132,47148,415343,922171,47544,1360635,1449387",https://inaturalist-open-data.s3.amazonaws.com/photos/358785151/medium.jpg
77991,Mentha canadensis,Canada mint,species,Plantae,"48460,47126,211194,47125,47124,48151,48623,520502,918917,919178,54570",https://static.inaturalist.org/photos/226556094/medium.jpg
53196,Rumex,docks and sorrels,genus,Plantae,"48460,47126,211194,47125,47124,47366,48382,922206,922242",https://inaturalist-open-data.s3.amazonaws.com/photos/14989/medium.jpg
59194,Ochlodes sylvanoides,Woodland Skipper,species,Insecta,"48460,1,47120,372739,47158,184884,47157,47224,47653,122493,320552,1363159,55786",https://static.inaturalist.org/photos/25673824/medium.jpeg
52833,Anaphalis margaritacea,pearly everlasting,species,Plantae,"48460,47126,211194,47125,47124,47605,47604,632790,324787,1410494,52834",https://inaturalist-open-data.s3.amazonaws.com/photos/22242630/medium.jpg
48699,Apiaceae,carrot family,family,Plantae,"48460,47126,211194,47125,47124,48700",https://inaturalist-open-data.s3.amazonaws.com/photos/8872/medium.jpg
47169,Basidiomycota,Basidiomycete Fungi,phylum,Fungi,"48460,47170",https://inaturalist-open-data.s3.amazonaws.com/photos/160331738/medium.jpg
337429,Stratiomyinae,,subfamily,Insecta,"48460,1,47120,372739,47158,184884,47822,48091,372865,564285,70127",https://inaturalist-open-data.s3.amazonaws.com/photos/103987433/medium.jpg
1094690,Parmelioideae,typical shield lichens,subfamily,Fungi,"48460,47170,48250,372740,54743,952186,48327,54321",https://inaturalist-open-data.s3.amazonaws.com/photos/76536882/medium.jpg
53186,Potentilla,cinquefoils,genus,Plantae,"48460,47126,211194,47125,47124,47132,47148,415343,885411,975960",https://inaturalist-open-data.s3.amazonaws.com/photos/29778840/medium.jpg
61032,Hypericum anagalloides,Bog St. John's-wort,species,Plantae,"48460,47126,211194,47125,47124,51820,71412,858902,52761,1520988,1520989",https://inaturalist-open-data.s3.amazonaws.com/photos/396680345/medium.jpg
51575,Laphria,Bee-mimic Robber Flies,genus,Insecta,"48460,1,47120,372739,47158,184884,47822,48091,372865,354603,47982,84433,639846",https://static.inaturalist.org/photos/19354433/medium.jpg
77853,Lupinus breweri,Brewer's Lupine,species,Plantae,"48460,47126,211194,47125,47124,47123,47122,507502,548591,47121",https://inaturalist-open-data.s3.amazonaws.com/photos/9695153/medium.jpeg
52972,Epilobium,willowherbs,genus,Plantae,"48460,47126,211194,47125,47124,47791,47790",https://inaturalist-open-data.s3.amazonaws.com/photos/16455/medium.jpg
59567,Sequoiadendron giganteum,giant sequoia,species,Plantae,"48460,47126,211194,136329,47375,47374,1150916,59531",https://inaturalist-open-data.s3.amazonaws.com/photos/60664816/medium.jpg
63108,Hygrophorus,Woodwaxes,genus,Fungi,"48460,47170,47169,492000,50814,1094814,47167,1128302,51870,1135223,1135224",https://inaturalist-open-data.s3.amazonaws.com/photos/20646/medium.jpg
52834,Anaphalis,everlastings,genus,Plantae,"48460,47126,211194,47125,47124,47605,47604,632790,324787,1410494",https://static.inaturalist.org/photos/300017666/medium.jpeg
47868,Philodromidae,Running Crab Spiders,family,Arachnida,"48460,1,47120,245097,47119,47118,120474,342614,1529315,1529303",https://inaturalist-open-data.s3.amazonaws.com/photos/51239037/medium.jpg
48227,Acer macrophyllum,bigleaf maple,species,Plantae,"48460,47126,211194,47125,47124,47729,58321,47727,1466296",https://inaturalist-open-data.s3.amazonaws.com/photos/192704132/medium.jpeg
